image_file,url,title,description,type
86-73230.png,https://img.bricklink.com/ItemImage/PT/86/73230.t1.png,73230,"Technic, Brick 1 x 1 with Axle Hole","Catalog: Parts: Technic, Brick"
85-6541.png,https://img.bricklink.com/ItemImage/PT/85/6541.t1.png,6541,"Technic, Brick 1 x 1 with Hole","Catalog: Parts: Technic, Brick"
5-6541pb02.png,https://img.bricklink.com/ItemImage/PT/5/6541pb02.t1.png,6541pb02,"Technic, Brick 1 x 1 with Hole with Michelin Man Logo Pattern (Sticker) - Set 75881","Catalog: Parts: Technic, Brick"
86-6541pb01.png,https://img.bricklink.com/ItemImage/PT/86/6541pb01.t1.png,6541pb01,"Technic, Brick 1 x 1 with Hole with Silver and Black Aston Martin 'DB5' Logo Pattern (Sticker) - Set 10262","Catalog: Parts: Technic, Brick"
85-2991.png,https://img.bricklink.com/ItemImage/PT/85/2991.t1.png,2991,"Technic, Brick 1 x 2 - 1 x 2 Angled with Bumper Holder","Catalog: Parts: Technic, Brick"
85-2991b.png,https://img.bricklink.com/ItemImage/PT/85/2991b.t1.png,2991b,"Technic, Brick 1 x 2 - 1 x 2 Angled with Bumper Holder, Open Front","Catalog: Parts: Technic, Brick"
6-32064.png,https://img.bricklink.com/ItemImage/PT/6/32064.t1.png,32064,"Technic, Brick 1 x 2 with Axle Hole","Catalog: Parts: Technic, Brick"
6-32064a.png,https://img.bricklink.com/ItemImage/PT/6/32064a.t1.png,32064a,"Technic, Brick 1 x 2 with Axle Hole and Inside Side Supports","Catalog: Parts: Technic, Brick"
86-32064pb01.png,https://img.bricklink.com/ItemImage/PT/86/32064pb01.t1.png,32064pb01,"Technic, Brick 1 x 2 with Axle Hole with Black 'Joker' on Gold Background Pattern (Sticker) - Set 7785","Catalog: Parts: Technic, Brick"
86-32064pb03.png,https://img.bricklink.com/ItemImage/PT/86/32064pb03.t1.png,32064pb03,"Technic, Brick 1 x 2 with Axle Hole with Black 'Penguin' on Gold Background Pattern (Sticker) - Set 7785","Catalog: Parts: Technic, Brick"
86-32064pb02.png,https://img.bricklink.com/ItemImage/PT/86/32064pb02.t1.png,32064pb02,"Technic, Brick 1 x 2 with Axle Hole with Black 'Two-Face' on Gold Background Pattern (Sticker) - Set 7785","Catalog: Parts: Technic, Brick"
3-3700.png,https://img.bricklink.com/ItemImage/PT/3/3700.t1.png,3700,"Technic, Brick 1 x 2 with Hole","Catalog: Parts: Technic, Brick"
85-85943.png,https://img.bricklink.com/ItemImage/PT/85/85943.t1.png,85943,"Technic, Brick 1 x 2 with Hole and Dual Liftarm Extensions","Catalog: Parts: Technic, Brick"
1-3700pb02.png,https://img.bricklink.com/ItemImage/PT/1/3700pb02.t1.png,3700pb02,"Technic, Brick 1 x 2 with Hole and Lufthansa Logo Pattern on Both Ends (Stickers) - Set 40146","Catalog: Parts: Technic, Brick"
11-3700pb01.png,https://img.bricklink.com/ItemImage/PT/11/3700pb01.t1.png,3700pb01,"Technic, Brick 1 x 2 with Hole and Yellow Arrows Pointing Down Pattern on Both Ends (Stickers) - Set 8485","Catalog: Parts: Technic, Brick"
11-3700b.png,https://img.bricklink.com/ItemImage/PT/11/3700b.t1.png,3700b,"Technic, Brick 1 x 2 with Hole Type II","Catalog: Parts: Technic, Brick"
48-32000.png,https://img.bricklink.com/ItemImage/PT/48/32000.t1.png,32000,"Technic, Brick 1 x 2 with Holes","Catalog: Parts: Technic, Brick"
9-32000pb004.png,https://img.bricklink.com/ItemImage/PT/9/32000pb004.t1.png,32000pb004,"Technic, Brick 1 x 2 with Holes with Black Digger Bucket and Red Arrow Down on White Background Pattern (Sticker) - Set 8459","Catalog: Parts: Technic, Brick"
9-32000pb002.png,https://img.bricklink.com/ItemImage/PT/9/32000pb002.t1.png,32000pb002,"Technic, Brick 1 x 2 with Holes with Black Digger Bucket and Red Arrow Up on White Background Pattern (Sticker) - Set 8459","Catalog: Parts: Technic, Brick"
9-32000pb003.png,https://img.bricklink.com/ItemImage/PT/9/32000pb003.t1.png,32000pb003,"Technic, Brick 1 x 2 with Holes with Black Digger Bucket and Red Curved Arrow Down on White Background Pattern (Sticker) - Set 8459","Catalog: Parts: Technic, Brick"
9-32000pb001.png,https://img.bricklink.com/ItemImage/PT/9/32000pb001.t1.png,32000pb001,"Technic, Brick 1 x 2 with Holes with Black Digger Bucket and Red Curved Arrow Up on White Background Pattern (Sticker) - Set 8459","Catalog: Parts: Technic, Brick"
11-2989.png,https://img.bricklink.com/ItemImage/PT/11/2989.t1.png,2989,"Technic, Brick 1 x 4 with Bumper Holder","Catalog: Parts: Technic, Brick"
85-3701.png,https://img.bricklink.com/ItemImage/PT/85/3701.t1.png,3701,"Technic, Brick 1 x 4 with Holes","Catalog: Parts: Technic, Brick"
9-3701pb001.png,https://img.bricklink.com/ItemImage/PT/9/3701pb001.t1.png,3701pb001,"Technic, Brick 1 x 4 with Holes with Red Chevron Pattern on Both Sides (Stickers) - Set 8485","Catalog: Parts: Technic, Brick"
11-3701pb002.png,https://img.bricklink.com/ItemImage/PT/11/3701pb002.t1.png,3701pb002,"Technic, Brick 1 x 4 with Holes with Yellow Arrow Pattern on Both Sides (Stickers) - Set 8412","Catalog: Parts: Technic, Brick"
3-3894.png,https://img.bricklink.com/ItemImage/PT/3/3894.t1.png,3894,"Technic, Brick 1 x 6 with Holes","Catalog: Parts: Technic, Brick"
153-3702.png,https://img.bricklink.com/ItemImage/PT/153/3702.t1.png,3702,"Technic, Brick 1 x 8 with Holes","Catalog: Parts: Technic, Brick"
7-2730.png,https://img.bricklink.com/ItemImage/PT/7/2730.t1.png,2730,"Technic, Brick 1 x 10 with Holes","Catalog: Parts: Technic, Brick"
85-3895.png,https://img.bricklink.com/ItemImage/PT/85/3895.t1.png,3895,"Technic, Brick 1 x 12 with Holes","Catalog: Parts: Technic, Brick"
11-32018.png,https://img.bricklink.com/ItemImage/PT/11/32018.t1.png,32018,"Technic, Brick 1 x 14 with Holes","Catalog: Parts: Technic, Brick"
1-32018pb01.png,https://img.bricklink.com/ItemImage/PT/1/32018pb01.t1.png,32018pb01,"Technic, Brick 1 x 14 with Holes with Red and White Danger Stripes Pattern on Both Ends (Stickers) - Set 8289","Catalog: Parts: Technic, Brick"
110-3703.png,https://img.bricklink.com/ItemImage/PT/110/3703.t1.png,3703,"Technic, Brick 1 x 16 with Holes","Catalog: Parts: Technic, Brick"
5-39789.png,https://img.bricklink.com/ItemImage/PT/5/39789.t1.png,39789,"Technic, Brick 2 x 4 with 3 Axle Holes","Catalog: Parts: Technic, Brick"
5-39789pb01.png,https://img.bricklink.com/ItemImage/PT/5/39789pb01.t1.png,39789pb01,"Technic, Brick 2 x 4 with 3 Axle Holes with '60 years' Pattern","Catalog: Parts: Technic, Brick"
9-3709a.png,https://img.bricklink.com/ItemImage/PT/9/3709a.t1.png,3709a,"Technic, Brick 2 x 4 with Holes on All Sides","Catalog: Parts: Technic, Brick"
9-3709c.png,https://img.bricklink.com/ItemImage/PT/9/3709c.t1.png,3709c,"Technic, Brick 2 x 4 with Holes on All Sides - Solid Studs","Catalog: Parts: Technic, Brick"
85-67446.png,https://img.bricklink.com/ItemImage/PT/85/67446.t1.png,67446,"Technic, Brick 2 x 4 x 1 1/3 with Axle Holes and 2 x 2 Cutout","Catalog: Parts: Technic, Brick"
86-18975.png,https://img.bricklink.com/ItemImage/PT/86/18975.t1.png,18975,"Technic, Brick 2 x 4 x 1 1/3 with Pin Holes and 2 x 2 Cutout","Catalog: Parts: Technic, Brick"
85-65635.png,https://img.bricklink.com/ItemImage/PT/85/65635.t1.png,65635,"Technic, Brick 2 x 6 x 1 1/3 with Axle Holes and Bottom Pins","Catalog: Parts: Technic, Brick"
85-3668.png,https://img.bricklink.com/ItemImage/PT/85/3668.t1.png,3668,"Technic, Brick 2 x 6 x 1 1/3 with Axle Holes and Bottom Stud Holders","Catalog: Parts: Technic, Brick"
86-32324.png,https://img.bricklink.com/ItemImage/PT/86/32324.t1.png,32324,"Technic, Brick 4 x 4 Open Center","Catalog: Parts: Technic, Brick"
153-32531.png,https://img.bricklink.com/ItemImage/PT/153/32531.t1.png,32531,"Technic, Brick 4 x 6 Open Center","Catalog: Parts: Technic, Brick"
5-32531c01.png,https://img.bricklink.com/ItemImage/PT/5/32531c01.t1.png,32531c01,"Technic, Brick 4 x 6 Open Center with 2 Fixed Rotatable Friction Pins on End","Catalog: Parts: Technic, Brick"
85-92715.png,https://img.bricklink.com/ItemImage/PT/85/92715.t1.png,92715,"Technic, Brick 4 x 16 (Conveyor Belt Frame)","Catalog: Parts: Technic, Brick"
11-32555.png,https://img.bricklink.com/ItemImage/PT/11/32555.t1.png,32555,"Technic, Brick 5 x 5 Right Angle (1 x 4 - 1 x 4)","Catalog: Parts: Technic, Brick"
86-32532.png,https://img.bricklink.com/ItemImage/PT/86/32532.t1.png,32532,"Technic, Brick 6 x 8 Open Center","Catalog: Parts: Technic, Brick"
11-32532c01.png,https://img.bricklink.com/ItemImage/PT/11/32532c01.t1.png,32532c01,"Technic, Brick 6 x 8 Open Center with 2 Fixed Rotatable Friction Pins on 3 Sides","Catalog: Parts: Technic, Brick"
5-3487.png,https://img.bricklink.com/ItemImage/PT/5/3487.t1.png,3487,"Technic, Brick 8 x 10 x 2 with 6 x 10 Recessed Center and 2 Pin Holes on each Side","Catalog: Parts: Technic, Brick"
11-65803.png,https://img.bricklink.com/ItemImage/PT/11/65803.t1.png,65803,"Technic, Brick 16 x 16 x 1 1/3 with Holes","Catalog: Parts: Technic, Brick"
86-73109.png,https://img.bricklink.com/ItemImage/PT/86/73109.t1.png,73109,"Technic, Brick Modified 1 x 2 with Hole and 1 x 2 Plate","Catalog: Parts: Technic, Brick"
1-4920.png,https://img.bricklink.com/ItemImage/PT/1/4920.t1.png,4920,"Technic, Brick Modified 1 x 2 with Rotation Joint Pin","Catalog: Parts: Technic, Brick"
85-80431.png,https://img.bricklink.com/ItemImage/PT/85/80431.t1.png,80431,"Technic, Brick Modified 1 x 2 x 1 1/3 with Rotation Joint Socket","Catalog: Parts: Technic, Brick"
85-57908.png,https://img.bricklink.com/ItemImage/PT/85/57908.t1.png,57908,"Technic, Brick Modified 2 x 2 with 2 Ball Joints","Catalog: Parts: Technic, Brick"
85-17114.png,https://img.bricklink.com/ItemImage/PT/85/17114.t1.png,17114,"Technic, Brick Modified 2 x 2 with 2 Ball Joints and Axle Hole","Catalog: Parts: Technic, Brick"
120-57909bpb01R.png,https://img.bricklink.com/ItemImage/PT/120/57909bpb01R.t1.png,57909bpb01R,"Technic, Brick Modified 2 x 2 with 6 Holes Ball Joint and Axle Hole with Dark Green Hatch with 2 Gold Screws Pattern (Sticker) - Set 70735","Catalog: Parts: Technic, Brick"
6-47431.png,https://img.bricklink.com/ItemImage/PT/6/47431.t1.png,47431,"Technic, Brick Modified 2 x 2 with Axle Hole, Rotation Joint Ball Half Vertical, and Fist","Catalog: Parts: Technic, Brick"
120-57909bpb01L.png,https://img.bricklink.com/ItemImage/PT/120/57909bpb01L.t1.png,57909bpb01L,"Technic, Brick Modified 2 x 2 with Ball and Axle Hole with 6 Holes in Ball with Open Hatch with Red and Yellow Wires Pattern (Sticker) - Set 70735","Catalog: Parts: Technic, Brick"
85-57909pb01L.png,https://img.bricklink.com/ItemImage/PT/85/57909pb01L.t1.png,57909pb01L,"Technic, Brick Modified 2 x 2 with Ball and Axle Hole with Black Fang and Bolted Plates Pattern Model Left Side (Sticker) - Set 70012-2","Catalog: Parts: Technic, Brick"
85-57909pb01R.png,https://img.bricklink.com/ItemImage/PT/85/57909pb01R.t1.png,57909pb01R,"Technic, Brick Modified 2 x 2 with Ball and Axle Hole with Black Fang and Bolted Plates Pattern Model Right Side (Sticker) - Set 70012-2","Catalog: Parts: Technic, Brick"
85-57909.png,https://img.bricklink.com/ItemImage/PT/85/57909.t1.png,57909,"Technic, Brick Modified 2 x 2 with Ball Joint and Axle Hole","Catalog: Parts: Technic, Brick"
85-57909b.png,https://img.bricklink.com/ItemImage/PT/85/57909b.t1.png,57909b,"Technic, Brick Modified 2 x 2 with Ball Joint and Axle Hole with 6 Holes in Ball","Catalog: Parts: Technic, Brick"
85-62712.png,https://img.bricklink.com/ItemImage/PT/85/62712.t1.png,62712,"Technic, Brick Modified 2 x 2 with Ball Socket and Axle Hole - Angled Forks with Flat Ends and Open Sides","Catalog: Parts: Technic, Brick"
85-57910.png,https://img.bricklink.com/ItemImage/PT/85/57910.t1.png,57910,"Technic, Brick Modified 2 x 2 with Ball Socket and Axle Hole - Angled Forks with Round Ends and Open Sides","Catalog: Parts: Technic, Brick"
11-67696.png,https://img.bricklink.com/ItemImage/PT/11/67696.t1.png,67696,"Technic, Brick Modified 2 x 2 with Ball Socket and Axle Hole - Straight Forks with Round Ends and Closed Sides","Catalog: Parts: Technic, Brick"
85-92013.png,https://img.bricklink.com/ItemImage/PT/85/92013.t1.png,92013,"Technic, Brick Modified 2 x 2 with Ball Socket and Axle Hole - Straight Forks with Round Ends and Open Sides","Catalog: Parts: Technic, Brick"
85-92013pb001.png,https://img.bricklink.com/ItemImage/PT/85/92013pb001.t1.png,92013pb001,"Technic, Brick Modified 2 x 2 with Ball Socket and Axle Hole - Straight Forks with Round Ends and Open Sides with Danger Stripes and 'CRUSHING DANGER' Pattern (Sticker) - Set 7984","Catalog: Parts: Technic, Brick"
85-92013pb002L.png,https://img.bricklink.com/ItemImage/PT/85/92013pb002L.t1.png,92013pb002L,"Technic, Brick Modified 2 x 2 with Ball Socket and Axle Hole - Straight Forks with Round Ends and Open Sides with Yellow Grille and Black Lines Pattern Model Left Side (Sticker) - Set 70327","Catalog: Parts: Technic, Brick"
85-92013pb002R.png,https://img.bricklink.com/ItemImage/PT/85/92013pb002R.t1.png,92013pb002R,"Technic, Brick Modified 2 x 2 with Ball Socket and Axle Hole - Straight Forks with Round Ends and Open Sides with Yellow Grille and Black Lines Pattern Model Right Side (Sticker) - Set 70327","Catalog: Parts: Technic, Brick"
11-48172.png,https://img.bricklink.com/ItemImage/PT/11/48172.t1.png,48172,"Technic, Brick Modified 2 x 2 with Pin Hole and 2 Rotation Joint Sockets","Catalog: Parts: Technic, Brick"
80-48170.png,https://img.bricklink.com/ItemImage/PT/80/48170.t1.png,48170,"Technic, Brick Modified 2 x 2 with Pin Hole and Rotation Joint Ball Half Horizontal","Catalog: Parts: Technic, Brick"
11-48171.png,https://img.bricklink.com/ItemImage/PT/11/48171.t1.png,48171,"Technic, Brick Modified 2 x 2 with Pin Hole and Rotation Joint Ball Half Vertical","Catalog: Parts: Technic, Brick"
55-48169.png,https://img.bricklink.com/ItemImage/PT/55/48169.t1.png,48169,"Technic, Brick Modified 2 x 2 with Pin Hole and Rotation Joint Socket","Catalog: Parts: Technic, Brick"
85-47452.png,https://img.bricklink.com/ItemImage/PT/85/47452.t1.png,47452,"Technic, Brick Modified 2 x 2 with Pin Hole, Rotation Joint Ball Half Horizontal, and Rotation Joint Socket","Catalog: Parts: Technic, Brick"
85-47454.png,https://img.bricklink.com/ItemImage/PT/85/47454.t1.png,47454,"Technic, Brick Modified 2 x 3 with Pin Holes, Rotation Joint Ball Half Horizontal, and Rotation Joint Socket","Catalog: Parts: Technic, Brick"
80-47432.png,https://img.bricklink.com/ItemImage/PT/80/47432.t1.png,47432,"Technic, Brick Modified 2 x 3 with Pin Holes, Rotation Joint Ball Half Vertical, and Rotation Joint Socket","Catalog: Parts: Technic, Brick"
11-18585.png,https://img.bricklink.com/ItemImage/PT/11/18585.t1.png,18585,"Technic, Brick Modified 2 x 4 with Pin Holes and Flywheel Socket (Ninjago Airjitzu Flyer Handle)","Catalog: Parts: Technic, Brick"
110-32474.png,https://img.bricklink.com/ItemImage/PT/110/32474.t1.png,32474,Technic Ball Joint,Catalog: Parts: Technic
3-32173.png,https://img.bricklink.com/ItemImage/PT/3/32173.t1.png,32173,Technic Ball Joint 2 x 7 with 2 Ball Joint,Catalog: Parts: Technic
86-1938.png,https://img.bricklink.com/ItemImage/PT/86/1938.t1.png,1938,Technic Ball Joint Swashplate with 4 Grooves and Square Hole,Catalog: Parts: Technic
10-32474pb001.png,https://img.bricklink.com/ItemImage/PT/10/32474pb001.t1.png,32474pb001,Technic Ball Joint with Black and Silver TT-8L/Y7 Gatekeeper Droid Pattern,Catalog: Parts: Technic
103-32474pb023.png,https://img.bricklink.com/ItemImage/PT/103/32474pb023.t1.png,32474pb023,Technic Ball Joint with Black Dot Pattern (Sonic the Hedgehog Newtron Eye),Catalog: Parts: Technic
1-32474pb025.png,https://img.bricklink.com/ItemImage/PT/1/32474pb025.t1.png,32474pb025,Technic Ball Joint with Black Eye with Pupil on Bottom Pattern,Catalog: Parts: Technic
1-32474pb002.png,https://img.bricklink.com/ItemImage/PT/1/32474pb002.t1.png,32474pb002,Technic Ball Joint with Black Eye with Pupil on Top Left Side Pattern,Catalog: Parts: Technic
1-32474pb019.png,https://img.bricklink.com/ItemImage/PT/1/32474pb019.t1.png,32474pb019,Technic Ball Joint with Black Eyes and Bright Light Blue Smile Pattern (Frozen Snowgie Head),Catalog: Parts: Technic
1-32474pb003.png,https://img.bricklink.com/ItemImage/PT/1/32474pb003.t1.png,32474pb003,Technic Ball Joint with Black Eyes and Medium Azure Smile Pattern (Frozen Snowgie Head),Catalog: Parts: Technic
11-32474pb009.png,https://img.bricklink.com/ItemImage/PT/11/32474pb009.t1.png,32474pb009,Technic Ball Joint with Black Number 8 on White Circle Pattern (Pool 8 Ball),Catalog: Parts: Technic
11-32474pb018.png,https://img.bricklink.com/ItemImage/PT/11/32474pb018.t1.png,32474pb018,"Technic Ball Joint with Closed Eye, Metallic Light Blue Button Eye, and Orange Beak on White Background Pattern (Frozen Sir Jorgenbjorgen Head)",Catalog: Parts: Technic
34-32474pb028.png,https://img.bricklink.com/ItemImage/PT/34/32474pb028.t1.png,32474pb028,Technic Ball Joint with Curled Bright Green Dragon Pattern (Dungeons & Dragons Orb of Dragonkind),Catalog: Parts: Technic
34-32474pb024.png,https://img.bricklink.com/ItemImage/PT/34/32474pb024.t1.png,32474pb024,Technic Ball Joint with Dark Green Splotch and White Dots Pattern (Chinese Praying Mantis Eye),Catalog: Parts: Technic
110-32474pb027.png,https://img.bricklink.com/ItemImage/PT/110/32474pb027.t1.png,32474pb027,"Technic Ball Joint with Dark Turquoise, Black and White Dragon Eye Pattern",Catalog: Parts: Technic
2-32170.png,https://img.bricklink.com/ItemImage/PT/2/32170.t1.png,32170,Technic Ball Joint with Double Rack,Catalog: Parts: Technic
1-32474pb021.png,https://img.bricklink.com/ItemImage/PT/1/32474pb021.t1.png,32474pb021,Technic Ball Joint with Eye with Blue Iris and Black Pupil Pattern,Catalog: Parts: Technic
4-32474pb004.png,https://img.bricklink.com/ItemImage/PT/4/32474pb004.t1.png,32474pb004,Technic Ball Joint with Globlin Type 1 Pattern,Catalog: Parts: Technic
4-32474pb005.png,https://img.bricklink.com/ItemImage/PT/4/32474pb005.t1.png,32474pb005,Technic Ball Joint with Globlin Type 2 Pattern,Catalog: Parts: Technic
5-32474pb006.png,https://img.bricklink.com/ItemImage/PT/5/32474pb006.t1.png,32474pb006,Technic Ball Joint with Globlin Type 3 Pattern,Catalog: Parts: Technic
5-32474pb007.png,https://img.bricklink.com/ItemImage/PT/5/32474pb007.t1.png,32474pb007,Technic Ball Joint with Globlin Type 4 Pattern,Catalog: Parts: Technic
5-32474pb008.png,https://img.bricklink.com/ItemImage/PT/5/32474pb008.t1.png,32474pb008,Technic Ball Joint with Globlin Type 5 Pattern,Catalog: Parts: Technic
11-32474pb017.png,https://img.bricklink.com/ItemImage/PT/11/32474pb017.t1.png,32474pb017,Technic Ball Joint with Gold and White Eye in Red Circle Pattern,Catalog: Parts: Technic
55-32474pb010.png,https://img.bricklink.com/ItemImage/PT/55/32474pb010.t1.png,32474pb010,Technic Ball Joint with Graveller Type 1 Open Mouth Pattern,Catalog: Parts: Technic
55-32474pb011.png,https://img.bricklink.com/ItemImage/PT/55/32474pb011.t1.png,32474pb011,Technic Ball Joint with Graveller Type 2 Closed Mouth Pattern,Catalog: Parts: Technic
157-32474pb014.png,https://img.bricklink.com/ItemImage/PT/157/32474pb014.t1.png,32474pb014,"Technic Ball Joint with Half-Closed Yellow Eyes, Blue Nose, Smile Pattern (Powerpuff Girls Octi Face)",Catalog: Parts: Technic
47-32474pb022.png,https://img.bricklink.com/ItemImage/PT/47/32474pb022.t1.png,32474pb022,"Technic Ball Joint with Light Nougat Animal Face and Ears, Medium Lavender Eyes, Black Fur Lines Pattern (HP Pygmy Puff)",Catalog: Parts: Technic
1-32474pb016.png,https://img.bricklink.com/ItemImage/PT/1/32474pb016.t1.png,32474pb016,Technic Ball Joint with Red Eye in Black Rings Pattern,Catalog: Parts: Technic
1-32474pb013.png,https://img.bricklink.com/ItemImage/PT/1/32474pb013.t1.png,32474pb013,Technic Ball Joint with Red Eye Pattern,Catalog: Parts: Technic
89-32474pb012.png,https://img.bricklink.com/ItemImage/PT/89/32474pb012.t1.png,32474pb012,Technic Ball Joint with Red Mouth and Lime Sharp Teeth Pattern,Catalog: Parts: Technic
11-53585.png,https://img.bricklink.com/ItemImage/PT/11/53585.t1.png,53585,Technic Ball Joint with Through Axle Hole,Catalog: Parts: Technic
11-32474pb026.png,https://img.bricklink.com/ItemImage/PT/11/32474pb026.t1.png,32474pb026,Technic Ball Joint with White '10' and Underline Pattern,Catalog: Parts: Technic
5-32474pb015.png,https://img.bricklink.com/ItemImage/PT/5/32474pb015.t1.png,32474pb015,Technic Ball Joint with White Dot Pattern,Catalog: Parts: Technic
11-32474pb020.png,https://img.bricklink.com/ItemImage/PT/11/32474pb020.t1.png,32474pb020,Technic Ball Joint with White Triangles Pattern (Super Mario Chain Chomp Teeth),Catalog: Parts: Technic
0-99948.png,https://img.bricklink.com/ItemImage/PT/0/99948.t1.png,99948,Technic Ball Steel 18mm D.,Catalog: Parts: Technic
9-2907.png,https://img.bricklink.com/ItemImage/PT/9/2907.t1.png,2907,Technic Ball with Grooves,Catalog: Parts: Technic
11-32310.png,https://img.bricklink.com/ItemImage/PT/11/32310.t1.png,32310,Technic Block 3 x 5 x 1 2/3,Catalog: Parts: Technic
34-32310pb06.png,https://img.bricklink.com/ItemImage/PT/34/32310pb06.t1.png,32310pb06,Technic Block 3 x 5 x 1 2/3 with Black and Silver Circuitry with Purple Dots Pattern,Catalog: Parts: Technic
3-32310pb07.png,https://img.bricklink.com/ItemImage/PT/3/32310pb07.t1.png,32310pb07,Technic Block 3 x 5 x 1 2/3 with Number 8 Pattern,Catalog: Parts: Technic
1-32310pb01.png,https://img.bricklink.com/ItemImage/PT/1/32310pb01.t1.png,32310pb01,Technic Block 3 x 5 x 1 2/3 with RoboRider Frost Pattern,Catalog: Parts: Technic
5-32310pb05.png,https://img.bricklink.com/ItemImage/PT/5/32310pb05.t1.png,32310pb05,Technic Block 3 x 5 x 1 2/3 with RoboRider Lava Pattern,Catalog: Parts: Technic
3-32310pb03.png,https://img.bricklink.com/ItemImage/PT/3/32310pb03.t1.png,32310pb03,Technic Block 3 x 5 x 1 2/3 with RoboRider Power Pattern,Catalog: Parts: Technic
34-32310pb02.png,https://img.bricklink.com/ItemImage/PT/34/32310pb02.t1.png,32310pb02,Technic Block 3 x 5 x 1 2/3 with RoboRider Swamp Pattern,Catalog: Parts: Technic
10-32310pb04.png,https://img.bricklink.com/ItemImage/PT/10/32310pb04.t1.png,32310pb04,Technic Block 3 x 5 x 1 2/3 with RoboRider The Boss Pattern,Catalog: Parts: Technic
5-32310pb08.png,https://img.bricklink.com/ItemImage/PT/5/32310pb08.t1.png,32310pb08,Technic Block 3 x 5 x 1 2/3 with Silver Number 1 with Red Outline on Black Background Pattern (Sticker) - Set 8242,Catalog: Parts: Technic
10-32165.png,https://img.bricklink.com/ItemImage/PT/10/32165.t1.png,32165,Technic Block 3 x 6 x 1 2/3,Catalog: Parts: Technic
9-3713.png,https://img.bricklink.com/ItemImage/PT/9/3713.t1.png,3713,Technic Bush,Catalog: Parts: Technic
3-4265c.png,https://img.bricklink.com/ItemImage/PT/3/4265c.t1.png,4265c,Technic Bush 1/2 Smooth,Catalog: Parts: Technic
9-4265a.png,https://img.bricklink.com/ItemImage/PT/9/4265a.t1.png,4265a,"Technic Bush 1/2 Toothed, Four Interior Ridges",Catalog: Parts: Technic
9-4265b.png,https://img.bricklink.com/ItemImage/PT/9/4265b.t1.png,4265b,"Technic Bush 1/2 Toothed, Two Interior Ridges",Catalog: Parts: Technic
86-45799.png,https://img.bricklink.com/ItemImage/PT/86/45799.t1.png,45799,Technic Bush RC Car Wheel Flexible,Catalog: Parts: Technic
5-x1299.png,https://img.bricklink.com/ItemImage/PT/5/x1299.t1.png,x1299,Technic Bush with Lip,Catalog: Parts: Technic
5-x148.png,https://img.bricklink.com/ItemImage/PT/5/x148.t1.png,x148,Technic Bush with Lip and Side Grooves,Catalog: Parts: Technic
3-6575.png,https://img.bricklink.com/ItemImage/PT/3/6575.t1.png,6575,Technic Cam,Catalog: Parts: Technic
9-6641.png,https://img.bricklink.com/ItemImage/PT/9/6641.t1.png,6641,Technic Changeover Catch,Catalog: Parts: Technic
4-4159.png,https://img.bricklink.com/ItemImage/PT/4/4159.t1.png,4159,Technic Changeover Catch Double (Fork),Catalog: Parts: Technic
156-4158.png,https://img.bricklink.com/ItemImage/PT/156/4158.t1.png,4158,Technic Changeover Cylinder,Catalog: Parts: Technic
11-6631.png,https://img.bricklink.com/ItemImage/PT/11/6631.t1.png,6631,Technic Changeover Plate,Catalog: Parts: Technic
4-35188.png,https://img.bricklink.com/ItemImage/PT/4/35188.t1.png,35188,Technic Changeover Rotary Catch,Catalog: Parts: Technic
85-37495.png,https://img.bricklink.com/ItemImage/PT/85/37495.t1.png,37495,Technic Circular Saw Blade 9 x 9 with Frictionless Axle Hole and Teeth in Alternating Directions,Catalog: Parts: Technic
95-61403.png,https://img.bricklink.com/ItemImage/PT/95/61403.t1.png,61403,Technic Circular Saw Blade 9 x 9 with Pin Hole and Teeth in Same Direction,Catalog: Parts: Technic
86-61403pb01.png,https://img.bricklink.com/ItemImage/PT/86/61403pb01.t1.png,61403pb01,Technic Circular Saw Blade 9 x 9 with Pin Hole and Teeth in Same Direction with Black and Yellow Stripes and Dark Red Pattern (Sticker) - Set 8113,Catalog: Parts: Technic
86-61403pb03.png,https://img.bricklink.com/ItemImage/PT/86/61403pb03.t1.png,61403pb03,Technic Circular Saw Blade 9 x 9 with Pin Hole and Teeth in Same Direction with Cyrillic Characters 'ОПАСНОСТb' (OPASNOSTB) on Left and Right Pattern (Stickers) - Set 7626,X Catalog: Parts: Technic
86-61403pb03L.png,https://img.bricklink.com/ItemImage/PT/86/61403pb03L.t1.png,61403pb03L,Technic Circular Saw Blade 9 x 9 with Pin Hole and Teeth in Same Direction with Cyrillic Characters 'ОПАСНОСТb' (OPASNOSTB) Pattern Model Left Side (Stickers) - Set 7626,Catalog: Parts: Technic
86-61403pb03R.png,https://img.bricklink.com/ItemImage/PT/86/61403pb03R.t1.png,61403pb03R,Technic Circular Saw Blade 9 x 9 with Pin Hole and Teeth in Same Direction with Cyrillic Characters 'ОПАСНОСТb' (OPASNOSTB) Pattern Model Right Side (Stickers) - Set 7626,Catalog: Parts: Technic
5-61403pb06.png,https://img.bricklink.com/ItemImage/PT/5/61403pb06.t1.png,61403pb06,"Technic Circular Saw Blade 9 x 9 with Pin Hole and Teeth in Same Direction with Silver Gear, Rivets and Lava Energy Pattern (Sticker) - Set 70323",Catalog: Parts: Technic
86-61403pb02R.png,https://img.bricklink.com/ItemImage/PT/86/61403pb02R.t1.png,61403pb02R,Technic Circular Saw Blade 9 x 9 with Pin Hole and Teeth in Same Direction with Splatter and Scratches on Orange Background Inside Pattern (Sticker) - Sets 8708 / 8963,Catalog: Parts: Technic
86-61403pb02L.png,https://img.bricklink.com/ItemImage/PT/86/61403pb02L.t1.png,61403pb02L,Technic Circular Saw Blade 9 x 9 with Pin Hole and Teeth in Same Direction with Splatter and Scratches on Orange Background Outside Pattern (Sticker) - Sets 8708 / 8963,Catalog: Parts: Technic
5-61403pb05.png,https://img.bricklink.com/ItemImage/PT/5/61403pb05.t1.png,61403pb05,Technic Circular Saw Blade 9 x 9 with Pin Hole and Teeth in Same Direction with Wheel Spokes and Hub Pattern (Sticker) - Set 70640,Catalog: Parts: Technic
5-61403pb04.png,https://img.bricklink.com/ItemImage/PT/5/61403pb04.t1.png,61403pb04,Technic Circular Saw Blade 9 x 9 with Pin Hole and Teeth in Same Direction with Wheel Spokes and Hub Pattern on Both Sides (Stickers) - Set 70642,Catalog: Parts: Technic
95-41125.png,https://img.bricklink.com/ItemImage/PT/95/41125.t1.png,41125,Technic Circular Saw Blade with Pin Hole and Six Teeth (Large Shuriken Throwing Star),Catalog: Parts: Technic
34-32143.png,https://img.bricklink.com/ItemImage/PT/34/32143.t1.png,32143,"Technic Competition Arena Section, Curved Middle",Catalog: Parts: Technic
11-32144.png,https://img.bricklink.com/ItemImage/PT/11/32144.t1.png,32144,"Technic Competition Arena Section, Straight End",Catalog: Parts: Technic
11-32145.png,https://img.bricklink.com/ItemImage/PT/11/32145.t1.png,32145,Technic Competition Target Scorpion,Catalog: Parts: Technic
11-32145pb02.png,https://img.bricklink.com/ItemImage/PT/11/32145pb02.t1.png,32145pb02,Technic Competition Target Scorpion with Yellow and Pink Eyes and Shooting Target Pattern (Stickers) - Set 8268,Catalog: Parts: Technic
39-32145pb01.png,https://img.bricklink.com/ItemImage/PT/39/32145pb01.t1.png,32145pb01,Technic Competition Target Scorpion with Yellow Eyes and Shooting Target Pattern (Stickers) - Set 8268,Catalog: Parts: Technic
11-2950.png,https://img.bricklink.com/ItemImage/PT/11/2950.t1.png,2950,Technic Digger Bucket 4 x 4 x 9 with 3 Teeth,Catalog: Parts: Technic
11-2950pb01L.png,https://img.bricklink.com/ItemImage/PT/11/2950pb01L.t1.png,2950pb01L,Technic Digger Bucket 4 x 4 x 9 with 3 Teeth and Black and Yellow Danger Stripes Pattern Model Left Side (Sticker) - Set 7707,Catalog: Parts: Technic
11-2950pb01R.png,https://img.bricklink.com/ItemImage/PT/11/2950pb01R.t1.png,2950pb01R,Technic Digger Bucket 4 x 4 x 9 with 3 Teeth and Black and Yellow Danger Stripes Pattern Model Right Side (Sticker) - Set 7707,Catalog: Parts: Technic
85-24120.png,https://img.bricklink.com/ItemImage/PT/85/24120.t1.png,24120,Technic Digger Bucket 4 x 7,Catalog: Parts: Technic
11-18943.png,https://img.bricklink.com/ItemImage/PT/11/18943.t1.png,18943,Technic Digger Bucket 5 x 7 x 4 1/2 Clamshell with Pin Hole and Axle Hole,Catalog: Parts: Technic
11-28216.png,https://img.bricklink.com/ItemImage/PT/11/28216.t1.png,28216,Technic Digger Bucket 7 x 10,Catalog: Parts: Technic
85-28216pb01.png,https://img.bricklink.com/ItemImage/PT/85/28216pb01.t1.png,28216pb01,"Technic Digger Bucket 7 x 10 with Yellow and Black Stripes, Chequerplate and Dirt Pattern (Stickers) - set 70915",Catalog: Parts: Technic
3-4700.png,https://img.bricklink.com/ItemImage/PT/3/4700.t1.png,4700,Technic Digger Bucket 8 x 6,Catalog: Parts: Technic
11-2951.png,https://img.bricklink.com/ItemImage/PT/11/2951.t1.png,2951,Technic Digger Bucket 8 x 10,Catalog: Parts: Technic
11-2951pb03.png,https://img.bricklink.com/ItemImage/PT/11/2951pb03.t1.png,2951pb03,Technic Digger Bucket 8 x 10 with Black and Yellow Danger Stripes Pattern on Both Sides (Stickers) - Set 8283,Catalog: Parts: Technic
11-2951pb02.png,https://img.bricklink.com/ItemImage/PT/11/2951pb02.t1.png,2951pb02,Technic Digger Bucket 8 x 10 with Red and White Danger Stripes Pattern on Both Sides (Stickers) - Set 8294,Catalog: Parts: Technic
11-2951pb01.png,https://img.bricklink.com/ItemImage/PT/11/2951pb01.t1.png,2951pb01,Technic Digger Bucket 8 x 10 with Teeth Pattern on Insides and Outsides (4 Stickers) - Set 2161,Catalog: Parts: Technic
3-2814.png,https://img.bricklink.com/ItemImage/PT/3/2814.t1.png,2814,Technic Digger Bucket 8 x 14 with 7 teeth,Catalog: Parts: Technic
11-32030.png,https://img.bricklink.com/ItemImage/PT/11/32030.t1.png,32030,Technic Digger Bucket 10 x 18,Catalog: Parts: Technic
85-46891.png,https://img.bricklink.com/ItemImage/PT/85/46891.t1.png,46891,Technic Digger Bucket 10 x 19,Catalog: Parts: Technic
11-15265.png,https://img.bricklink.com/ItemImage/PT/11/15265.t1.png,15265,Technic Digger Bucket 15 x 23,Catalog: Parts: Technic
11-15265pb02.png,https://img.bricklink.com/ItemImage/PT/11/15265pb02.t1.png,15265pb02,Technic Digger Bucket 15 x 23 with VOLVO Logo and 02 Pattern on Both Sides (Stickers) - Set 42081,Catalog: Parts: Technic
11-15265pb01.png,https://img.bricklink.com/ItemImage/PT/11/15265pb01.t1.png,15265pb01,Technic Digger Bucket 15 x 23 with VOLVO Logo and Metal Plates Pattern on Both Sides (Stickers) - Set 42030,Catalog: Parts: Technic
9-6539.png,https://img.bricklink.com/ItemImage/PT/9/6539.t1.png,6539,Technic Driving Ring 2L with 4 Teeth,Catalog: Parts: Technic
85-2473.png,https://img.bricklink.com/ItemImage/PT/85/2473.t1.png,2473,Technic Driving Ring 2L with 8 Teeth,Catalog: Parts: Technic
85-18947.png,https://img.bricklink.com/ItemImage/PT/85/18947.t1.png,18947,Technic Driving Ring 3L,Catalog: Parts: Technic
86-32187.png,https://img.bricklink.com/ItemImage/PT/86/32187.t1.png,32187,Technic Driving Ring Extension,Catalog: Parts: Technic
3-35186.png,https://img.bricklink.com/ItemImage/PT/3/35186.t1.png,35186,Technic Driving Ring Extension with 8 Teeth Inside and Outside,Catalog: Parts: Technic
11-35186pb01.png,https://img.bricklink.com/ItemImage/PT/11/35186pb01.t1.png,35186pb01,Technic Driving Ring Extension with 8 Teeth Inside and Outside with White Camera Dial Graduated Lines Pattern (Sticker) - Set 21345,Catalog: Parts: Technic
38-6797.png,https://img.bricklink.com/ItemImage/PT/38/6797.t1.png,6797,Technic Engine Air Scoop 4 x 4 x 1 1/3,Catalog: Parts: Technic
9-6797pb01.png,https://img.bricklink.com/ItemImage/PT/9/6797pb01.t1.png,6797pb01,Technic Engine Air Scoop 4 x 4 x 1 1/3 with 'EXTREME OFF ROAD' Pattern (Sticker) - Set 8465,Catalog: Parts: Technic
86-49829.png,https://img.bricklink.com/ItemImage/PT/86/49829.t1.png,49829,Technic Engine Air Scoop Double (RC Car),Catalog: Parts: Technic
77-49829pb02.png,https://img.bricklink.com/ItemImage/PT/77/49829pb02.t1.png,49829pb02,Technic Engine Air Scoop Double (RC Car) with Flame Pattern (Stickers) - Set 8676,Catalog: Parts: Technic
66-49829pb01.png,https://img.bricklink.com/ItemImage/PT/66/49829pb01.t1.png,49829pb01,Technic Engine Air Scoop Double (RC Car) with Side Vents and 'Red Beast' Pattern (Stickers) - Set 8378,Catalog: Parts: Technic
9-2852.png,https://img.bricklink.com/ItemImage/PT/9/2852.t1.png,2852,Technic Engine Connecting Rod,Catalog: Parts: Technic
86-2853.png,https://img.bricklink.com/ItemImage/PT/86/2853.t1.png,2853,Technic Engine Crankshaft,Catalog: Parts: Technic
9-2854.png,https://img.bricklink.com/ItemImage/PT/9/2854.t1.png,2854,Technic Engine Crankshaft Center,Catalog: Parts: Technic
9-2850.png,https://img.bricklink.com/ItemImage/PT/9/2850.t1.png,2850,Technic Engine Cylinder (Undetermined Type),Catalog: Parts: Technic
86-2850b.png,https://img.bricklink.com/ItemImage/PT/86/2850b.t1.png,2850b,Technic Engine Cylinder with Bottom Slots,Catalog: Parts: Technic
9-2850a.png,https://img.bricklink.com/ItemImage/PT/9/2850a.t1.png,2850a,Technic Engine Cylinder with Side Slots,Catalog: Parts: Technic
7-2851.png,https://img.bricklink.com/ItemImage/PT/7/2851.t1.png,2851,Technic Engine Piston Round,Catalog: Parts: Technic
9-3652.png,https://img.bricklink.com/ItemImage/PT/9/3652.t1.png,3652,Technic Engine Piston Square 2 x 2,Catalog: Parts: Technic
66-49828.png,https://img.bricklink.com/ItemImage/PT/66/49828.t1.png,49828,Technic Engine RC Car Quadruple Pipe,Catalog: Parts: Technic
66-46453.png,https://img.bricklink.com/ItemImage/PT/66/46453.t1.png,46453,"Technic Engine Tuneable, Block with Trapezoidal Air Scoop (for part 2133)",Catalog: Parts: Technic
66-46453c01.png,https://img.bricklink.com/ItemImage/PT/66/46453c01.t1.png,46453c01,"Technic Engine Tuneable, Block with Trapezoidal Air Scoop with 2 Fixed Rotatable Pins (for part 2133)",Catalog: Parts: Technic
66-46453pb01L.png,https://img.bricklink.com/ItemImage/PT/66/46453pb01L.t1.png,46453pb01L,"Technic Engine Tuneable, Block with Trapezoidal Air Scoop with Chrome 'V8 NITRO M' Pattern Left (Sticker) - Set 8146",Catalog: Parts: Technic
66-46453pb01R.png,https://img.bricklink.com/ItemImage/PT/66/46453pb01R.t1.png,46453pb01R,"Technic Engine Tuneable, Block with Trapezoidal Air Scoop with Chrome 'V8 NITRO M' Pattern Right (Sticker) - Set 8146",Catalog: Parts: Technic
66-46453pb02.png,https://img.bricklink.com/ItemImage/PT/66/46453pb02.t1.png,46453pb02,"Technic Engine Tuneable, Block with Trapezoidal Air Scoop with Orange, Yellow, Black and White Number 9 and Checkered Pattern (Sticker) - Set 8376",Catalog: Parts: Technic
66-46452.png,https://img.bricklink.com/ItemImage/PT/66/46452.t1.png,46452,"Technic Engine Tuneable, Block with Two Round Air Scoops (for part 2133)",Catalog: Parts: Technic
5-46454.png,https://img.bricklink.com/ItemImage/PT/5/46454.t1.png,46454,"Technic Engine Tuneable, Cover (for part 2133)",Catalog: Parts: Technic
66-46455.png,https://img.bricklink.com/ItemImage/PT/66/46455.t1.png,46455,"Technic Engine Tuneable, Single Exhaust (for part 2133)",Catalog: Parts: Technic
66-46456.png,https://img.bricklink.com/ItemImage/PT/66/46456.t1.png,46456,"Technic Engine Tuneable, Triple Exhaust (for part 2133)",Catalog: Parts: Technic
3-2823.png,https://img.bricklink.com/ItemImage/PT/3/2823.t1.png,2823,Technic Forklift Fork,Catalog: Parts: Technic
11-2823pb02L.png,https://img.bricklink.com/ItemImage/PT/11/2823pb02L.t1.png,2823pb02L,Technic Forklift Fork with 'SHARP EDGES' Left Pattern (Sticker) - Set 7709,Catalog: Parts: Technic
11-2823pb02R.png,https://img.bricklink.com/ItemImage/PT/11/2823pb02R.t1.png,2823pb02R,Technic Forklift Fork with 'SHARP EDGES' Right Pattern (Sticker) - Set 7709,Catalog: Parts: Technic
1-2823pb01L.png,https://img.bricklink.com/ItemImage/PT/1/2823pb01L.t1.png,2823pb01L,Technic Forklift Fork with Octan Logo Pattern Model Left Side (Sticker) - Set 6663,Catalog: Parts: Technic
1-2823pb01R.png,https://img.bricklink.com/ItemImage/PT/1/2823pb01R.t1.png,2823pb01R,Technic Forklift Fork with Octan Logo Pattern Model Right Side (Sticker) - Set 6663,Catalog: Parts: Technic
85-76755.png,https://img.bricklink.com/ItemImage/PT/85/76755.t1.png,76755,Technic Grabber Arm Claw,Catalog: Parts: Technic
11-11953.png,https://img.bricklink.com/ItemImage/PT/11/11953.t1.png,11953,Technic Grabber Arm Claw / Hook with 3L Liftarm Thick Type 1,Catalog: Parts: Technic
11-19540.png,https://img.bricklink.com/ItemImage/PT/11/19540.t1.png,19540,Technic Grabber Arm Claw / Hook with 3L Liftarm Thick Type 2,Catalog: Parts: Technic
9-2908.png,https://img.bricklink.com/ItemImage/PT/9/2908.t1.png,2908,Technic Helicopter Rotor Holder,Catalog: Parts: Technic
11-70644.png,https://img.bricklink.com/ItemImage/PT/11/70644.t1.png,70644,Technic Hook Large Metal,Catalog: Parts: Technic
11-424.png,https://img.bricklink.com/ItemImage/PT/11/424.t1.png,424,Technic Hub / Handle 1 x 1,Catalog: Parts: Technic
11-32072.png,https://img.bricklink.com/ItemImage/PT/11/32072.t1.png,32072,Technic Knob Cog / Gear / Wheel with Axle Hole (+ Orientation),Catalog: Parts: Technic
86-5405.png,https://img.bricklink.com/ItemImage/PT/86/5405.t1.png,5405,Technic Knob Cog / Gear / Wheel with Axle Hole (x Orientation),Catalog: Parts: Technic
86-40918c01.png,https://img.bricklink.com/ItemImage/PT/86/40918c01.t1.png,40918c01,Technic Linear Actuator Long with Dark Bluish Gray Ends,Catalog: Parts: Technic
86-92693c01.png,https://img.bricklink.com/ItemImage/PT/86/92693c01.t1.png,92693c01,Technic Linear Actuator Mini with Dark Bluish Gray Head and Orange Axle,Catalog: Parts: Technic
86-61927c01.png,https://img.bricklink.com/ItemImage/PT/86/61927c01.t1.png,61927c01,"Technic Linear Actuator with Dark Bluish Gray Ends, Type 1",Catalog: Parts: Technic
11-43097c01.png,https://img.bricklink.com/ItemImage/PT/11/43097c01.t1.png,43097c01,"Technic Linear Actuator with Dark Bluish Gray Ends, Type 2",Catalog: Parts: Technic
11-2904.png,https://img.bricklink.com/ItemImage/PT/11/2904.t1.png,2904,Technic Motorcycle Pivot,Catalog: Parts: Technic
11-2740c01.png,https://img.bricklink.com/ItemImage/PT/11/2740c01.t1.png,2740c01,Technic Propeller 3 Blade with Gear 24 Tooth,Catalog: Parts: Technic
11-2906.png,https://img.bricklink.com/ItemImage/PT/11/2906.t1.png,2906,Technic Propeller 4 Blade 7 Stud Diameter with Square Ends,Catalog: Parts: Technic
11-2428.png,https://img.bricklink.com/ItemImage/PT/11/2428.t1.png,2428,Technic Rack 1 x 20 x 2/3,Catalog: Parts: Technic
11-202.png,https://img.bricklink.com/ItemImage/PT/11/202.t1.png,202,Technic Rack Winder,Catalog: Parts: Technic
11-2426c01.png,https://img.bricklink.com/ItemImage/PT/11/2426c01.t1.png,2426c01 (Inv),Technic Rack Winder,Catalog: Parts: Technic
11-200.png,https://img.bricklink.com/ItemImage/PT/11/200.t1.png,200,Technic Rack Winder Axle,Catalog: Parts: Technic
3-32167.png,https://img.bricklink.com/ItemImage/PT/3/32167.t1.png,32167,Technic Rectangular Gearbox Half,Catalog: Parts: Technic
78-41681c01.png,https://img.bricklink.com/ItemImage/PT/78/41681c01.t1.png,41681c01 (Inv),Technic Rotation Joint Ball and (Same Color) Socket 8L Liftarm Thick with Black Loop (41679 / 41681 / 41680),Catalog: Parts: Technic
10-41681c02.png,https://img.bricklink.com/ItemImage/PT/10/41681c02.t1.png,41681c02 (Inv),Technic Rotation Joint Ball and Pearl Light Gray Socket 8L Liftarm Thick with Black Loop (41679 / 41681 / 41680),Catalog: Parts: Technic
78-41679.png,https://img.bricklink.com/ItemImage/PT/78/41679.t1.png,41679,Technic Rotation Joint Ball Half with 3L Liftarm Thin,Catalog: Parts: Technic
85-47455.png,https://img.bricklink.com/ItemImage/PT/85/47455.t1.png,47455,Technic Rotation Joint Ball Loop with 2 Perpendicular Pins with Friction,Catalog: Parts: Technic
9-41680.png,https://img.bricklink.com/ItemImage/PT/9/41680.t1.png,41680,Technic Rotation Joint Ball Loop with Pin with Friction,Catalog: Parts: Technic
10-x514c01.png,https://img.bricklink.com/ItemImage/PT/10/x514c01.t1.png,x514c01,Technic Rotation Joint Ball with Arm - Pin and Hole Ends,Catalog: Parts: Technic
156-1994.png,https://img.bricklink.com/ItemImage/PT/156/1994.t1.png,1994,Technic Rotation Joint Cylinder with Pin Hole and Rotation Joint Ball Half,Catalog: Parts: Technic
11-79505.png,https://img.bricklink.com/ItemImage/PT/11/79505.t1.png,79505,Technic Rotation Joint Disk with Large Pin and 2 Small Rotation Joints,Catalog: Parts: Technic
86-44225.png,https://img.bricklink.com/ItemImage/PT/86/44225.t1.png,44225,Technic Rotation Joint Disk with Large Pin and 3L Liftarm Thick,Catalog: Parts: Technic
86-44225pb001a.png,https://img.bricklink.com/ItemImage/PT/86/44225pb001a.t1.png,44225pb001a,Technic Rotation Joint Disk with Large Pin and 3L Liftarm Thick with Vents and Red Rectangle Pattern Side A (Sticker) - Set 76086,Catalog: Parts: Technic
86-44225pb001b.png,https://img.bricklink.com/ItemImage/PT/86/44225pb001b.t1.png,44225pb001b,Technic Rotation Joint Disk with Large Pin and 3L Liftarm Thick with Vents and Red Rectangle Pattern Side B (Sticker) - Set 76086,Catalog: Parts: Technic
85-80563.png,https://img.bricklink.com/ItemImage/PT/85/80563.t1.png,80563,Technic Rotation Joint Disk with Large Pin Hole and 2 Pins,Catalog: Parts: Technic
11-44224.png,https://img.bricklink.com/ItemImage/PT/11/44224.t1.png,44224,Technic Rotation Joint Disk with Large Pin Hole and 3L Liftarm Thick,Catalog: Parts: Technic
85-44224pb01L.png,https://img.bricklink.com/ItemImage/PT/85/44224pb01L.t1.png,44224pb01L,Technic Rotation Joint Disk with Large Pin Hole and 3L Liftarm Thick with 3 Orange Chevrons Pattern Left (Sticker) - Set 7706,Catalog: Parts: Technic
85-44224pb01R.png,https://img.bricklink.com/ItemImage/PT/85/44224pb01R.t1.png,44224pb01R,Technic Rotation Joint Disk with Large Pin Hole and 3L Liftarm Thick with 3 Orange Chevrons Pattern Right (Sticker) - Set 7706,Catalog: Parts: Technic
78-41681.png,https://img.bricklink.com/ItemImage/PT/78/41681.t1.png,41681,Technic Rotation Joint Socket with 3L Liftarm Thick,Catalog: Parts: Technic
86-99013pb01.png,https://img.bricklink.com/ItemImage/PT/86/99013pb01.t1.png,99013pb01,Technic Rotor Blade Large Bent with 3L Liftarm Thick and Black Rubber Tip Pattern,Catalog: Parts: Technic
85-99013pb02.png,https://img.bricklink.com/ItemImage/PT/85/99013pb02.t1.png,99013pb02,Technic Rotor Blade Large Bent with 3L Liftarm Thick and Yellow Rubber Tip Pattern,Catalog: Parts: Technic
34-65422.png,https://img.bricklink.com/ItemImage/PT/34/65422.t1.png,65422,Technic Rotor Blade Large Straight with 3L Liftarm Thick,Catalog: Parts: Technic
95-5240.png,https://img.bricklink.com/ItemImage/PT/95/5240.t1.png,5240,Technic Rotor Blade Large with 3L Liftarm Thick and Groove,Catalog: Parts: Technic
85-99012.png,https://img.bricklink.com/ItemImage/PT/85/99012.t1.png,99012,Technic Rotor Blade Small with Axle and Pin Connector End,Catalog: Parts: Technic
85-99012pb05.png,https://img.bricklink.com/ItemImage/PT/85/99012pb05.t1.png,99012pb05,Technic Rotor Blade Small with Axle and Pin Connector End with 3 Red Stripes and 2 White Stripes Pattern on Top (Sticker) - Set 42040,Catalog: Parts: Technic
85-99012pb12.png,https://img.bricklink.com/ItemImage/PT/85/99012pb12.t1.png,99012pb12,Technic Rotor Blade Small with Axle and Pin Connector End with Black 'ROGER DUBUIS' on Gold Background Pattern on Both Sides (Stickers) - Set 76899,Catalog: Parts: Technic
85-99012pb11.png,https://img.bricklink.com/ItemImage/PT/85/99012pb11.t1.png,99012pb11,Technic Rotor Blade Small with Axle and Pin Connector End with Red and White Stripes (Medium Equal Width) Pattern on Top (Sticker) - Set 42057,Catalog: Parts: Technic
85-99012pb08.png,https://img.bricklink.com/ItemImage/PT/85/99012pb08.t1.png,99012pb08,Technic Rotor Blade Small with Axle and Pin Connector End with Red and White Stripes (Unequal Width) Pattern on Bottom (Sticker) - Set 42020,Catalog: Parts: Technic
85-99012pb07.png,https://img.bricklink.com/ItemImage/PT/85/99012pb07.t1.png,99012pb07,Technic Rotor Blade Small with Axle and Pin Connector End with Red and White Stripes (Unequal Width) Pattern on Top (Sticker) - Set 42020,Catalog: Parts: Technic
85-99012pb10.png,https://img.bricklink.com/ItemImage/PT/85/99012pb10.t1.png,99012pb10,Technic Rotor Blade Small with Axle and Pin Connector End with Red and White Stripes (Wide Equal Width) Pattern on Bottom (Sticker) - Set 42025,Catalog: Parts: Technic
85-99012pb09.png,https://img.bricklink.com/ItemImage/PT/85/99012pb09.t1.png,99012pb09,Technic Rotor Blade Small with Axle and Pin Connector End with Red and White Stripes (Wide Equal Width) Pattern on Top (Sticker) - Set 42025,Catalog: Parts: Technic
85-99012pb06.png,https://img.bricklink.com/ItemImage/PT/85/99012pb06.t1.png,99012pb06,Technic Rotor Blade Small with Axle and Pin Connector End with Red and White Stripes Pattern on Both Sides (Stickers) - Set 9396,Catalog: Parts: Technic
85-99012pb02.png,https://img.bricklink.com/ItemImage/PT/85/99012pb02.t1.png,99012pb02,Technic Rotor Blade Small with Axle and Pin Connector End with Red and White Stripes Pattern on Bottom (Sticker),X Catalog: Parts: Technic
85-99012pb01.png,https://img.bricklink.com/ItemImage/PT/85/99012pb01.t1.png,99012pb01,Technic Rotor Blade Small with Axle and Pin Connector End with Red and White Stripes Pattern on Top (Sticker),X Catalog: Parts: Technic
85-99012pb04.png,https://img.bricklink.com/ItemImage/PT/85/99012pb04.t1.png,99012pb04,Technic Rotor Blade Small with Axle and Pin Connector End with White Stripe on Dark Azure Background Pattern on Bottom (Sticker) - Set 70129,Catalog: Parts: Technic
85-99012pb03.png,https://img.bricklink.com/ItemImage/PT/85/99012pb03.t1.png,99012pb03,Technic Rotor Blade Small with Axle and Pin Connector End with White Stripe on Dark Azure Background Pattern on Top (Sticker) - Set 70129,Catalog: Parts: Technic
11-70961.png,https://img.bricklink.com/ItemImage/PT/11/70961.t1.png,70961,Technic Rubber Bumper 2 x 4,Catalog: Parts: Technic
11-48203.png,https://img.bricklink.com/ItemImage/PT/11/48203.t1.png,48203,Technic Rubber Bumper 2 x 6 with Angled Ends,Catalog: Parts: Technic
11-48202.png,https://img.bricklink.com/ItemImage/PT/11/48202.t1.png,48202,Technic Rubber Bumper 2 x 18 with Angled Ends,Catalog: Parts: Technic
11-70962.png,https://img.bricklink.com/ItemImage/PT/11/70962.t1.png,70962,Technic Rubber Bumper Angled 2 x 2 - 2 x 2,Catalog: Parts: Technic
1-x157.png,https://img.bricklink.com/ItemImage/PT/1/x157.t1.png,x157,Technic Rubber Cable Holder,Catalog: Parts: Technic
11-2717.png,https://img.bricklink.com/ItemImage/PT/11/2717.t1.png,2717,Technic Seat 3 x 2 Base,Catalog: Parts: Technic
3-2717pb04.png,https://img.bricklink.com/ItemImage/PT/3/2717pb04.t1.png,2717pb04,Technic Seat 3 x 2 Base with Blue and White Cushions Pattern (Sticker) - Set 8207,Catalog: Parts: Technic
5-2717pb05.png,https://img.bricklink.com/ItemImage/PT/5/2717pb05.t1.png,2717pb05,Technic Seat 3 x 2 Base with Cushions and Detailed Seat Belts Pattern (Sticker) - Set 8215,Catalog: Parts: Technic
5-2717pb03.png,https://img.bricklink.com/ItemImage/PT/5/2717pb03.t1.png,2717pb03,Technic Seat 3 x 2 Base with Cushions and Seat Belts Pattern (Sticker) - Set 8242,Catalog: Parts: Technic
9-2717pb07.png,https://img.bricklink.com/ItemImage/PT/9/2717pb07.t1.png,2717pb07,Technic Seat 3 x 2 Base with Cushions and Seat Belts with Yellow Buckles Pattern (Sticker) - Sets 8445 / 8446,Catalog: Parts: Technic
9-2717pb06.png,https://img.bricklink.com/ItemImage/PT/9/2717pb06.t1.png,2717pb06,Technic Seat 3 x 2 Base with Orange Cushions and Seat Belts Pattern (Sticker) - Set 8465,Catalog: Parts: Technic
6-2717pb02.png,https://img.bricklink.com/ItemImage/PT/6/2717pb02.t1.png,2717pb02,Technic Seat 3 x 2 Base with Oval Cushions and Black Dots Pattern (Sticker) - Set 8213,Catalog: Parts: Technic
5-2717pb01.png,https://img.bricklink.com/ItemImage/PT/5/2717pb01.t1.png,2717pb01,Technic Seat 3 x 2 Base with Red Mask and Cushions on Gray Pattern (Sticker) - Set 8226,Catalog: Parts: Technic
11-2717pb08.png,https://img.bricklink.com/ItemImage/PT/11/2717pb08.t1.png,2717pb08,Technic Seat 3 x 2 Base with White 'GTX' on Seat and Back Pattern (Stickers) - Set 8219,Catalog: Parts: Technic
3-2502.png,https://img.bricklink.com/ItemImage/PT/3/2502.t1.png,2502,Technic Skidder Arm Claw with 4L Liftarm and 2 Axle Holes,Catalog: Parts: Technic
86-2743.png,https://img.bricklink.com/ItemImage/PT/86/2743.t1.png,2743,Technic Slope 4 x 1 x 1 2/3,Catalog: Parts: Technic
11-2743pb01.png,https://img.bricklink.com/ItemImage/PT/11/2743pb01.t1.png,2743pb01,Technic Slope 4 x 1 x 1 2/3 with Dark Gray Tread Plate Pattern (Sticker) - Set 8215,Catalog: Parts: Technic
3-2744.png,https://img.bricklink.com/ItemImage/PT/3/2744.t1.png,2744,Technic Slope 6 x 1 x 1 2/3,Catalog: Parts: Technic
11-2744pb005.png,https://img.bricklink.com/ItemImage/PT/11/2744pb005.t1.png,2744pb005,Technic Slope 6 x 1 x 1 2/3 with 'Jump' and Red Line Pattern Left (Sticker) - Set 8414,Catalog: Parts: Technic
11-2744pb004.png,https://img.bricklink.com/ItemImage/PT/11/2744pb004.t1.png,2744pb004,Technic Slope 6 x 1 x 1 2/3 with 'Jump' and Red Line Pattern Right (Sticker) - Set 8414,Catalog: Parts: Technic
3-2744pb020L.png,https://img.bricklink.com/ItemImage/PT/3/2744pb020L.t1.png,2744pb020L,Technic Slope 6 x 1 x 1 2/3 with Black and Yellow Danger Stripes Pattern Model Left Side (Sticker) - Set 7746,Catalog: Parts: Technic
3-2744pb020R.png,https://img.bricklink.com/ItemImage/PT/3/2744pb020R.t1.png,2744pb020R,Technic Slope 6 x 1 x 1 2/3 with Black and Yellow Danger Stripes Pattern Model Right Side (Sticker) - Set 7746,Catalog: Parts: Technic
1-2744pb011.png,https://img.bricklink.com/ItemImage/PT/1/2744pb011.t1.png,2744pb011,Technic Slope 6 x 1 x 1 2/3 with Blue Stripes and Blue on Bottom Pattern Left (Stickers) - Set 8824,Catalog: Parts: Technic
1-2744pb010.png,https://img.bricklink.com/ItemImage/PT/1/2744pb010.t1.png,2744pb010,Technic Slope 6 x 1 x 1 2/3 with Blue Stripes and Blue on Bottom Pattern Right (Stickers) - Set 8824,Catalog: Parts: Technic
1-2744pb009.png,https://img.bricklink.com/ItemImage/PT/1/2744pb009.t1.png,2744pb009,Technic Slope 6 x 1 x 1 2/3 with Blue Stripes Pattern Left (Sticker) - Set 8824,Catalog: Parts: Technic
1-2744pb008.png,https://img.bricklink.com/ItemImage/PT/1/2744pb008.t1.png,2744pb008,Technic Slope 6 x 1 x 1 2/3 with Blue Stripes Pattern Right (Sticker) - Set 8824,Catalog: Parts: Technic
1-2744pb018.png,https://img.bricklink.com/ItemImage/PT/1/2744pb018.t1.png,2744pb018,Technic Slope 6 x 1 x 1 2/3 with Buttons and '112' Pattern (Sticker) -Set 8286,Catalog: Parts: Technic
11-2744pb003.png,https://img.bricklink.com/ItemImage/PT/11/2744pb003.t1.png,2744pb003,Technic Slope 6 x 1 x 1 2/3 with Controls and Light Pattern (Sticker) - Set 8480,Catalog: Parts: Technic
3-2744pb006.png,https://img.bricklink.com/ItemImage/PT/3/2744pb006.t1.png,2744pb006,Technic Slope 6 x 1 x 1 2/3 with Fading Checkered Stripes Pattern Left (Sticker) - Set 8445,Catalog: Parts: Technic
3-2744pb007.png,https://img.bricklink.com/ItemImage/PT/3/2744pb007.t1.png,2744pb007,Technic Slope 6 x 1 x 1 2/3 with Fading Checkered Stripes Pattern Right (Sticker) - Set 8445,Catalog: Parts: Technic
1-2744pb021.png,https://img.bricklink.com/ItemImage/PT/1/2744pb021.t1.png,2744pb021,"Technic Slope 6 x 1 x 1 2/3 with Gauges, Red Rectangles and Olive Green Buttons Pattern (Sticker) - Set 79121",Catalog: Parts: Technic
9-2744pb015.png,https://img.bricklink.com/ItemImage/PT/9/2744pb015.t1.png,2744pb015,Technic Slope 6 x 1 x 1 2/3 with Gearstick and Controls Pattern (Sticker) - Set 8280,Catalog: Parts: Technic
1-2744pb014.png,https://img.bricklink.com/ItemImage/PT/1/2744pb014.t1.png,2744pb014,Technic Slope 6 x 1 x 1 2/3 with Gearstick and Controls Pattern (Sticker) - Set 8286,Catalog: Parts: Technic
6-2744pb012L.png,https://img.bricklink.com/ItemImage/PT/6/2744pb012L.t1.png,2744pb012L,Technic Slope 6 x 1 x 1 2/3 with Headlight and Air Intake Pattern Left (Sticker) - Set 8213,Catalog: Parts: Technic
6-2744pb012R.png,https://img.bricklink.com/ItemImage/PT/6/2744pb012R.t1.png,2744pb012R,Technic Slope 6 x 1 x 1 2/3 with Headlight and Air Intake Pattern Right (Sticker) - Set 8213,Catalog: Parts: Technic
11-2744pb013L.png,https://img.bricklink.com/ItemImage/PT/11/2744pb013L.t1.png,2744pb013L,Technic Slope 6 x 1 x 1 2/3 with Hovercraft Air Intake Pattern Left (Sticker) - Set 8485,Catalog: Parts: Technic
11-2744pb013R.png,https://img.bricklink.com/ItemImage/PT/11/2744pb013R.t1.png,2744pb013R,Technic Slope 6 x 1 x 1 2/3 with Hovercraft Air Intake Pattern Right (Sticker) - Set 8485,Catalog: Parts: Technic
1-2744pb019L.png,https://img.bricklink.com/ItemImage/PT/1/2744pb019L.t1.png,2744pb019L,Technic Slope 6 x 1 x 1 2/3 with Red and White Danger Stripes Pattern Left (Sticker) - Set 7207,Catalog: Parts: Technic
1-2744pb019R.png,https://img.bricklink.com/ItemImage/PT/1/2744pb019R.t1.png,2744pb019R,Technic Slope 6 x 1 x 1 2/3 with Red and White Danger Stripes Pattern Right (Sticker) - Set 7207,Catalog: Parts: Technic
9-2744pb016.png,https://img.bricklink.com/ItemImage/PT/9/2744pb016.t1.png,2744pb016,Technic Slope 6 x 1 x 1 2/3 with Telephone and Buttons Pattern (Sticker) - Set 8280,Catalog: Parts: Technic
5-2744pb002.png,https://img.bricklink.com/ItemImage/PT/5/2744pb002.t1.png,2744pb002,Technic Slope 6 x 1 x 1 2/3 with Tiger Stripes and Yellow-up-to-Red Fade Pattern Left (Sticker) - Set 8229,Catalog: Parts: Technic
5-2744pb001.png,https://img.bricklink.com/ItemImage/PT/5/2744pb001.t1.png,2744pb001,Technic Slope 6 x 1 x 1 2/3 with Tiger Stripes and Yellow-up-to-Red Fade Pattern Right (Sticker) - Set 8229,Catalog: Parts: Technic
1-2744pb022.png,https://img.bricklink.com/ItemImage/PT/1/2744pb022.t1.png,2744pb022,"Technic Slope 6 x 1 x 1 2/3 with White Circles in Red Rectangle, Black Rectangles and Olive Green Buttons Pattern (Sticker) - Set 79121",Catalog: Parts: Technic
11-2744pb017L.png,https://img.bricklink.com/ItemImage/PT/11/2744pb017L.t1.png,2744pb017L,Technic Slope 6 x 1 x 1 2/3 with Yellow '8' and Bent Stripes Pattern Model Left Side (Sticker) - Set 8425,Catalog: Parts: Technic
11-2744pb017R.png,https://img.bricklink.com/ItemImage/PT/11/2744pb017R.t1.png,2744pb017R,Technic Slope 6 x 1 x 1 2/3 with Yellow '8' and Bent Stripes Pattern Model Right Side (Sticker) - Set 8425,Catalog: Parts: Technic
11-6549.png,https://img.bricklink.com/ItemImage/PT/11/6549.t1.png,6549,Technic Stick Shift,Catalog: Parts: Technic
1-6543.png,https://img.bricklink.com/ItemImage/PT/1/6543.t1.png,6543,Technic Stick Shift Plate,Catalog: Parts: Technic
1-6543pb01.png,https://img.bricklink.com/ItemImage/PT/1/6543pb01.t1.png,6543pb01,Technic Stick Shift Plate with '1' and '2' Left and '3' and '4' Right Gear Shift Pattern (Stickers) - Set 8880,Catalog: Parts: Technic
7-32168.png,https://img.bricklink.com/ItemImage/PT/7/32168.t1.png,32168,Technic Throwbot Arm Forked with Flexible Center and Ball Joint,Catalog: Parts: Technic
11-x209.png,https://img.bricklink.com/ItemImage/PT/11/x209.t1.png,x209,Technic Throwbot Visor,Catalog: Parts: Technic
11-x209pw1.png,https://img.bricklink.com/ItemImage/PT/11/x209pw1.t1.png,x209pw1,Technic Throwbot Visor with 'DUST' Pattern,Catalog: Parts: Technic
11-x209pb07.png,https://img.bricklink.com/ItemImage/PT/11/x209pb07.t1.png,x209pb07,Technic Throwbot Visor with Amazon / Jungle Pattern,Catalog: Parts: Technic
11-x209pb01.png,https://img.bricklink.com/ItemImage/PT/11/x209pb01.t1.png,x209pb01,Technic Throwbot Visor with Blaster Mecha / Animal Pattern,Catalog: Parts: Technic
11-x209pb02.png,https://img.bricklink.com/ItemImage/PT/11/x209pb02.t1.png,x209pb02,Technic Throwbot Visor with Flare Pattern,Catalog: Parts: Technic
11-x209pb10.png,https://img.bricklink.com/ItemImage/PT/11/x209pb10.t1.png,x209pb10,Technic Throwbot Visor with Gold Pattern (Sticker) - Set 8007,Catalog: Parts: Technic
3-x209pb08.png,https://img.bricklink.com/ItemImage/PT/3/x209pb08.t1.png,x209pb08,Technic Throwbot Visor with Jet / Judge Pattern,Catalog: Parts: Technic
11-x209px1.png,https://img.bricklink.com/ItemImage/PT/11/x209px1.t1.png,x209px1,Technic Throwbot Visor with Millennia Gold V Pattern,Catalog: Parts: Technic
11-x209pb03.png,https://img.bricklink.com/ItemImage/PT/11/x209pb03.t1.png,x209pb03,Technic Throwbot Visor with RoboRider Onyx Pattern,Catalog: Parts: Technic
11-x209pb06.png,https://img.bricklink.com/ItemImage/PT/11/x209pb06.t1.png,x209pb06,Technic Throwbot Visor with RoboRider The Boss Pattern,Catalog: Parts: Technic
7-x209px2.png,https://img.bricklink.com/ItemImage/PT/7/x209px2.t1.png,x209px2,Technic Throwbot Visor with Scuba / Sub Pattern,Catalog: Parts: Technic
11-x209pb11.png,https://img.bricklink.com/ItemImage/PT/11/x209pb11.t1.png,x209pb11,Technic Throwbot Visor with Silver Pattern (Sticker) - Set 8007,Catalog: Parts: Technic
11-x209pb05.png,https://img.bricklink.com/ItemImage/PT/11/x209pb05.t1.png,x209pb05,Technic Throwbot Visor with Spark Pattern,Catalog: Parts: Technic
11-x209pb09.png,https://img.bricklink.com/ItemImage/PT/11/x209pb09.t1.png,x209pb09,Technic Throwbot Visor with Torch / Fire Pattern,Catalog: Parts: Technic
63-65421pb01.png,https://img.bricklink.com/ItemImage/PT/63/65421pb01.t1.png,65421pb01,Technic Tipper Drum 6.5 x 13 x 26 Half with 4 Pin Holes and 3L Liftarm Thick with Orange Arrows and White Letter C Pattern,Catalog: Parts: Technic
3-44775.png,https://img.bricklink.com/ItemImage/PT/3/44775.t1.png,44775,Technic Track System Gate 1 x 11 with End Tab and Three Holes,Catalog: Parts: Technic
11-32090.png,https://img.bricklink.com/ItemImage/PT/11/32090.t1.png,32090,Technic Tread Frame 5-point,Catalog: Parts: Technic
11-1937.png,https://img.bricklink.com/ItemImage/PT/11/1937.t1.png,1937,Technic Turntable / Swashplate 5 x 5 Base with 4 Pin Holes,Catalog: Parts: Technic
86-1936.png,https://img.bricklink.com/ItemImage/PT/86/1936.t1.png,1936,Technic Turntable / Swashplate 5 x 5 Top with 5 Pin Holes,Catalog: Parts: Technic
7-32273c01.png,https://img.bricklink.com/ItemImage/PT/7/32273c01.t1.png,32273c01 (Inv),Technic Turntable 4 x 6 (32273 / 32274),Catalog: Parts: Technic
7-32273.png,https://img.bricklink.com/ItemImage/PT/7/32273.t1.png,32273,"Technic Turntable 4 x 6, Base",Catalog: Parts: Technic
7-32274.png,https://img.bricklink.com/ItemImage/PT/7/32274.t1.png,32274,"Technic Turntable 4 x 6, Top",Catalog: Parts: Technic
86-99009c01.png,https://img.bricklink.com/ItemImage/PT/86/99009c01.t1.png,99009c01 (Inv),Technic Turntable 28 Tooth with Black Top (99009 / 99010),Catalog: Parts: Technic
86-99009.png,https://img.bricklink.com/ItemImage/PT/86/99009.t1.png,99009,"Technic Turntable 28 Tooth, Base",Catalog: Parts: Technic
11-99010.png,https://img.bricklink.com/ItemImage/PT/11/99010.t1.png,99010,"Technic Turntable 28 Tooth, Top",Catalog: Parts: Technic
11-2856c01.png,https://img.bricklink.com/ItemImage/PT/11/2856c01.t1.png,2856c01 (Inv),Technic Turntable 56 Tooth Extended Arms (2856 / 2855),Catalog: Parts: Technic
11-2856c03.png,https://img.bricklink.com/ItemImage/PT/11/2856c03.t1.png,2856c03 (Inv),Technic Turntable 56 Tooth Extended Arms with Light Bluish Gray Top (2856 / 2855),Catalog: Parts: Technic
11-2856c02.png,https://img.bricklink.com/ItemImage/PT/11/2856c02.t1.png,2856c02 (Inv),Technic Turntable 56 Tooth Extended Arms with Trans-Clear Top (2856 / 2855),Catalog: Parts: Technic
9-2856.png,https://img.bricklink.com/ItemImage/PT/9/2856.t1.png,2856,"Technic Turntable 56 Tooth Extended Arms, Base",Catalog: Parts: Technic
86-2855.png,https://img.bricklink.com/ItemImage/PT/86/2855.t1.png,2855,"Technic Turntable 56 Tooth Extended Arms, Top",Catalog: Parts: Technic
85-48452cx1.png,https://img.bricklink.com/ItemImage/PT/85/48452cx1.t1.png,48452cx1 (Inv),Technic Turntable 56 Tooth with Black Top (48452 / 48168),Catalog: Parts: Technic
85-48452cx1pb02.png,https://img.bricklink.com/ItemImage/PT/85/48452cx1pb02.t1.png,48452cx1pb02,Technic Turntable 56 Tooth with Black Top with Silver Tread Plates Pattern (Stickers) - Set 8292,Catalog: Parts: Technic
85-48452cx1pb01.png,https://img.bricklink.com/ItemImage/PT/85/48452cx1pb01.t1.png,48452cx1pb01,Technic Turntable 56 Tooth with Black Top with Tread Plate Pattern (Sticker) - Set 8273,Catalog: Parts: Technic
86-48452.png,https://img.bricklink.com/ItemImage/PT/86/48452.t1.png,48452,"Technic Turntable 56 Tooth, Base",Catalog: Parts: Technic
11-48168.png,https://img.bricklink.com/ItemImage/PT/11/48168.t1.png,48168,"Technic Turntable 56 Tooth, Top",Catalog: Parts: Technic
85-18938.png,https://img.bricklink.com/ItemImage/PT/85/18938.t1.png,18938,"Technic Turntable 60 Tooth Bevel, Top",Catalog: Parts: Technic
85-88738.png,https://img.bricklink.com/ItemImage/PT/85/88738.t1.png,88738,"Technic Turntable 60 Tooth Straight, Top",Catalog: Parts: Technic
86-18939c01.png,https://img.bricklink.com/ItemImage/PT/86/18939c01.t1.png,18939c01 (Inv),Technic Turntable 60 Tooth with Black Top (18939 / 18938u) (Undetermined Type),Catalog: Parts: Technic
86-18939c06.png,https://img.bricklink.com/ItemImage/PT/86/18939c06.t1.png,18939c06 (Inv),Technic Turntable 60 Tooth with Black Top with Beveled Teeth (18939 / 18938),Catalog: Parts: Technic
86-18939c02.png,https://img.bricklink.com/ItemImage/PT/86/18939c02.t1.png,18939c02,Technic Turntable 60 Tooth with Dark Bluish Gray Top (18939 / 18938u) (Undetermined Type),X Catalog: Parts: Technic
86-18939c04.png,https://img.bricklink.com/ItemImage/PT/86/18939c04.t1.png,18939c04 (Inv),Technic Turntable 60 Tooth with Dark Bluish Gray Top with Beveled Teeth (18939 / 18938),Catalog: Parts: Technic
86-18939c05.png,https://img.bricklink.com/ItemImage/PT/86/18939c05.t1.png,18939c05 (Inv),Technic Turntable 60 Tooth with Dark Bluish Gray Top with Straight Teeth (18939 / 88738),Catalog: Parts: Technic
86-18939c03.png,https://img.bricklink.com/ItemImage/PT/86/18939c03.t1.png,18939c03 (Inv),Technic Turntable 60 Tooth with White Top with Straight Teeth (18939 / 88738),Catalog: Parts: Technic
86-18939.png,https://img.bricklink.com/ItemImage/PT/86/18939.t1.png,18939,"Technic Turntable 60 Tooth, Base",Catalog: Parts: Technic
85-18938u.png,https://img.bricklink.com/ItemImage/PT/85/18938u.t1.png,18938u,"Technic Turntable 60 Tooth, Top (Undetermined Type)",Catalog: Parts: Technic
86-80428.png,https://img.bricklink.com/ItemImage/PT/86/80428.t1.png,80428,Technic Weight 7 x 11 x 2 Solid,Catalog: Parts: Technic
11-32306.png,https://img.bricklink.com/ItemImage/PT/11/32306.t1.png,32306,Technic Wheel Holder 7 x 3,Catalog: Parts: Technic
11-32294.png,https://img.bricklink.com/ItemImage/PT/11/32294.t1.png,32294,Technic Wishbone Suspension Arm,Catalog: Parts: Technic
0-bb0370.png,https://img.bricklink.com/ItemImage/PT/0/bb0370.t1.png,bb0370,Technic Wooden Stick with 3 Holes,Catalog: Parts: Technic
86-4368.png,https://img.bricklink.com/ItemImage/PT/86/4368.t1.png,4368,"Technic, Crank Disk",Catalog: Parts: Technic
3-4369.png,https://img.bricklink.com/ItemImage/PT/3/4369.t1.png,4369,"Technic, Piston Small",Catalog: Parts: Technic
